<!--
 Copyright 2004 The Apache Software Foundation.
  
 Licensed under the Apache License, Version 2.0 (the "License");
 you may not use this file except in compliance with the License.
 You may obtain a copy of the License at
  
      http://www.apache.org/licenses/LICENSE-2.0
  
 Unless required by applicable law or agreed to in writing, software
 distributed under the License is distributed on an "AS IS" BASIS,
 WITHOUT WARRANTIES OR CONDITIONS OF ANY KIND, either express or implied.
 See the License for the specific language governing permissions and
 limitations under the License.
-->

<database>
  <table name="muppets">
    <row>
      <column name="name">Kermit</column>
      <column name="colour">green</column>
      <column name="hobby">worrying</column>
    </row>
    <row>
      <column name="name">Miss Piggy</column>
      <column name="colour">pink</column>
      <column name="hobby">karate</column>
    </row>
  </table>
  
  <table name="things">
    <row>
      <column name="name">Drums</column>
      <column name="owner">Animal</column>
    </row>
  </table>
</database>