<?xml version="1.0"?>

<!--
 Copyright 2004 The Apache Software Foundation.
  
 Licensed under the Apache License, Version 2.0 (the "License");
 you may not use this file except in compliance with the License.
 You may obtain a copy of the License at
  
      http://www.apache.org/licenses/LICENSE-2.0
  
 Unless required by applicable law or agreed to in writing, software
 distributed under the License is distributed on an "AS IS" BASIS,
 WITHOUT WARRANTIES OR CONDITIONS OF ANY KIND, either express or implied.
 See the License for the specific language governing permissions and
 limitations under the License.
-->

<!DOCTYPE digester-rules 
  PUBLIC "-//Jakarta Apache //DTD digester-rules XML V1.0//EN" 
    "http://jakarta.apache.org/commons/digester/dtds/digester-rules.dtd">

<digester-rules>
  <pattern value="address-book">
    <pattern value="person">
      <object-create-rule classname="Person"/>
      <set-properties-rule/>
      <set-next-rule methodname="addPerson"/>
      
      <pattern value="name">
        <call-method-rule methodname="setName" paramcount="0"/>
      </pattern>
      
      <pattern value="email">
        <call-method-rule methodname="addEmail" paramcount="2"/>  
        <call-param-rule paramnumber='0' attrname='type'/>
        <call-param-rule paramnumber='1'/>
      </pattern>
      
      <pattern value="address">
        <object-create-rule classname="Address"/>
        <set-nested-properties-rule/>
        <set-next-rule methodname="addAddress"/>
      </pattern>
      
    </pattern>
  </pattern>
</digester-rules>
